{
  "xs-app.json": 1726733670150,
  "test/integration/pages/RisksObjectPage.js": 1726674855298,
  "test/integration/pages/RisksList.js": 1726674855298,
  "test/integration/opaTests.qunit.js": 1726674855278,
  "test/integration/FirstJourney.js": 1726674855318,
  "test/testsuite.qunit.js": 1726674855270,
  "i18n/i18n.properties": 1726674891622,
  "manifest.json": 1726730714609,
  "Component.js": 1726674855158,
  "test/integration/pages/RisksObjectPage-dbg.js": 1726674855298,
  "test/integration/pages/RisksObjectPage.js.map": 1726733676644,
  "test/integration/pages/RisksList-dbg.js": 1726674855298,
  "test/integration/pages/RisksList.js.map": 1726733676644,
  "test/integration/opaTests.qunit-dbg.js": 1726674855278,
  "test/integration/opaTests.qunit.js.map": 1726733676644,
  "test/integration/FirstJourney-dbg.js": 1726674855318,
  "test/integration/FirstJourney.js.map": 1726733676647,
  "test/testsuite.qunit-dbg.js": 1726674855270,
  "test/testsuite.qunit.js.map": 1726733676647,
  "Component-dbg.js": 1726674855158,
  "Component.js.map": 1726733676646,
  "Component-preload.js": 1726733676712,
  "Component-preload.js.map": 1726733676712,
  "test/integration/opaTests.qunit.html": 1726674855278,
  "test/testsuite.qunit.html": 1726674855242,
  "test/flpSandbox.html": 1726674855242,
  "index.html": 1726674855158
}